{
  "timestamp": "2025-12-24T04:56:41.122405",
  "config": {
    "data_dir": "data",
    "lookback": 20,
    "horizon": 1,
    "input_dim": 1,
    "hidden_dim": 64,
    "encoding_dim": 32,
    "num_layers": 3,
    "num_heads": 4,
    "dropout": 0.1,
    "pretrain_epochs": 50,
    "pretrain_lr": 0.001,
    "pretrain_patience": 10,
    "pretrain_batch_size": 32,
    "finetune_epochs": 30,
    "finetune_lr": 0.0001,
    "finetune_patience": 10,
    "finetune_batch_size": 16,
    "freeze_encoder": true,
    "models_dir": "models",
    "results_dir": "results"
  },
  "results": {
    "transfer": {
      "name": "transfer",
      "rmse": 0.15277847477657372,
      "mae": 0.10014359270899727,
      "mape": 12.566105852607087,
      "r_squared": 0.8179677896107382,
      "correlation": 0.9054691275632772,
      "directional_accuracy": 0.4922566371681416,
      "n_samples": 905
    },
    "lstm_scratch": {
      "name": "lstm_scratch",
      "rmse": 0.14913372493692997,
      "mae": 0.09741095964144769,
      "mape": 12.253750214248193,
      "r_squared": 0.826549469103386,
      "correlation": 0.9092893140623326,
      "directional_accuracy": 0.48451327433628316,
      "n_samples": 905
    },
    "har": {
      "name": "har",
      "rmse": 0.08438385437725558,
      "mae": 0.044443711872549536,
      "mape": 5.302283694460962,
      "r_squared": 0.944468088881202,
      "correlation": 0.9721769707727468,
      "directional_accuracy": 0.5088495575221239,
      "n_samples": 905
    },
    "moving_avg": {
      "name": "moving_avg",
      "rmse": 0.4329733965730856,
      "mae": 0.34379423293413663,
      "mape": 48.49722666999774,
      "r_squared": -0.4619964825384877,
      "correlation": 0.26048051924652355,
      "directional_accuracy": 0.4579646017699115,
      "n_samples": 905
    }
  },
  "dm_tests": {
    "transfer_vs_har": {
      "dm_statistic": -7.68959906585148,
      "p_value_one_sided": 0.9999999999999927,
      "p_value_two_sided": 1.4654943925052066e-14,
      "mean_loss_diff": -0.01622062747549429,
      "model_1_better": "False",
      "interpretation": "No significant difference"
    },
    "lstm_scratch_vs_har": {
      "dm_statistic": -7.304133686904364,
      "p_value_one_sided": 0.9999999999998604,
      "p_value_two_sided": 2.7911006839076435e-13,
      "mean_loss_diff": -0.015120233034002015,
      "model_1_better": "False",
      "interpretation": "No significant difference"
    },
    "moving_avg_vs_har": {
      "dm_statistic": -19.945515252932648,
      "p_value_one_sided": 1.0,
      "p_value_two_sided": 0.0,
      "mean_loss_diff": -0.18034532726047256,
      "model_1_better": "False",
      "interpretation": "No significant difference"
    }
  },
  "improvements": {
    "vs_lstm_scratch": {
      "rmse_improvement_%": -2.4439474311964946,
      "mae_improvement_%": -2.80526244439836,
      "mape_improvement_%": -2.54906157623239,
      "r_squared_improvement_%": -1.0382535847439225,
      "correlation_improvement_%": -0.42012882368410615,
      "directional_accuracy_improvement_%": 1.5981735159817434
    },
    "vs_har": {
      "rmse_improvement_%": -81.05178520709157,
      "mae_improvement_%": -125.32679762702385,
      "mape_improvement_%": -136.99421941029462,
      "r_squared_improvement_%": -13.393814016555448,
      "correlation_improvement_%": -6.861697531926311,
      "directional_accuracy_improvement_%": -3.2608695652173907
    },
    "vs_moving_avg": {
      "rmse_improvement_%": 64.71411962356332,
      "mae_improvement_%": 70.87106672665374,
      "mape_improvement_%": 74.08902175352438,
      "r_squared_improvement_%": 277.0506530950905,
      "correlation_improvement_%": 247.6149119260334,
      "directional_accuracy_improvement_%": 7.487922705314015
    }
  }
}