{
  "har": {
    "rmse": 0.2696229987330103,
    "mae": 0.11533724583403768,
    "r2": 0.9564274960993396,
    "corr": 0.9782897646219412
  },
  "ensemble": {
    "rmse": 0.2691453418845124,
    "mae": 0.11224025501519316,
    "r2": 0.956581743098877,
    "corr": 0.9783067999691442
  },
  "improvement": {
    "rmse_pct": 0.17715730881360134,
    "mae_pct": 2.685161065230281,
    "r2_pct": 0.016127411661254185
  },
  "regime_stats": {
    "counts": [
      351,
      800,
      128
    ],
    "mean_probs": [
      0.3368200957775116,
      0.3375166356563568,
      0.32566365599632263
    ],
    "entropy_mean": 1.0981600284576416
  }
}