{
  "har": {
    "rmse": 0.2696229987330103,
    "mae": 0.11533724583403768,
    "r_squared": 0.9564274960993396,
    "correlation": 0.9782897646219412
  },
  "boosted": {
    "rmse": 0.26960052935492074,
    "mae": 0.11474792945019849,
    "r_squared": 0.9564347581376227,
    "correlation": 0.9782843963589775
  },
  "corrections": {
    "mean": 