{
  "har": {
    "rmse": 0.2696229987330103,
    "mae": 0.11533724583403768,
    "r2": 0.9564274960993396,
    "corr": 0.9782897646219412
  },
  "transfer": {
    "rmse": 0.26962408996097487,
    "mae": 0.11472741438151879,
    "r2": 0.9564271434021945,
    "corr": 0.9782858352035112
  },
  "scratch": {
    "rmse": 0.2695424618629478,
    "mae": 0.11474964635968285
  },
  "improvements": {
    "transfer_vs_har_rmse": -0.000404723621379688,
    "transfer_vs_har_mae": 0.5287376580817561,
    "transfer_vs_scratch_rmse": -0.030283947643318446
  }
}